UNITID,INSTNM,CITY,STABBR,ZIP,ACCREDAGENCY,MAIN,CONTROL,LOCALE,CIP11ASSOC,CIP11BACHL,CIP52ASSOC,CIP52BACHL,COSTT4_A,TUITIONFEE_IN,TUITIONFEE_OUT,RET_FT4,RET_FTL4,RET_PT4,RET_PTL4,UG25ABV,MN_EARN_WNE_P6,MN_EARN_WNE_P7,MN_EARN_WNE_P8,MN_EARN_WNE_P9,MN_EARN_WNE_P10,MN_EARN_WNE_MALE0_P6,MN_EARN_WNE_MALE1_P6,MN_EARN_WNE_MALE0_P10,MN_EARN_WNE_MALE1_P10,Additional_Expenses,Program_Offered,ENT_2YR_RANK,Total_Crime_Rank,Violent_Rank,Violent_Crime_Percentile,Total_Crime_Percentile,Branch,Address,Sector,Lat,Long,Url
481234,Advanced Computing Institute,Los Angeles,CA,90010-3911,Council on Occupational Education,1,3,11,1,0,1,0,0,0,0,,0.8824,,,0.2986,,,,,,,,,,0,2,4,155,290,0.773333333,0.413333333,Main Campus,3470 Wilshire Boulevard,"Private for-profit, 2-year",0,0,www.advancedcomputinginstitute.edu
110468,Alliant International University,San Diego,CA,92131-1799,Western Association of Schools and Colleges Senior College and University Commission,1,2,11,0,0,0,1,28901,15816,15816,0.75,,1,,0.1625,56100,54200,56200,55200,60600,54900,60200,58100,66200,13085,1,10,88,189,0.504,0.234666667,,,,32.8971,-117.0944,www.alliant.edu
116846,American Jewish University,Los Angeles,CA,90077-1519,Western Association of Schools and Colleges Senior College and University Commission,1,2,11,0,0,0,1,46466,27900,27900,0.8333,,,,0.1696,,,,,,,,,,18566,1,4,155,290,0.773333333,0.413333333,Familian Campus,15600 MULHOLLAND DR,"Private nonprofit, 4-year or above",34.1281,-118.4718,www.aju.edu
189097,Barnard College,New York,NY,10027-6598,Middle States Commission on Higher Education,1,2,11,0,1,0,0,59581,44790,44790,0.9764,,1,,0.0048,46400,51200,51200,65300,71400,,,,,14791,1,7,70,105,0.28,0.186666667,Main Campus,3009 BROADWAY,"Private nonprofit, 4-year or above",40.8091,-73.964,www.barnard.edu
189228,Berkeley College-New York,New York,NY,10017,Middle States Commission on Higher Education,1,3,11,0,0,2,2,36229,23100,23100,0.5768,,0.2,,0.4204,32800,38400,38500,40900,42300,32900,32600,41300,44900,13129,4,7,70,105,0.28,0.186666667,Main Campus,3 E 43rd STREET,"Private for-profit, 4-year or above",40.754,-73.9796,www.BerkeleyCollege.edu
189413,Boricua College,New York,NY,10032-1560,Middle States Commission on Higher Education,1,2,11,0,0,1,1,26225,11025,11025,0.4873,,,,0.5895,24500,31300,30100,31600,33400,23800,26200,31900,39600,15200,2,7,70,105,0.28,0.186666667,Manhattan Campus - Main Campus,3755 BROADWAY,"Private nonprofit, 4-year or above",40.8334,-73.9458,boricuacollege.edu
480781,California Miramar University,San Diego,CA,92126,Accrediting Council for Independent Colleges and Schools | Distance Education Accrediting Commission,1,3,11,0,0,2,2,21442,7990,7990,,,,,0.2273,,,,,,,,,,13452,4,10,88,189,0.504,0.234666667,Main Campus,"9750 Miramar Road, Suite 180","Private for-profit, 4-year or above",0,0,www.calmu.edu
110592,California State University-Los Angeles,Los Angeles,CA,90032,Western Association of Schools and Colleges Senior College and University Commission,1,1,11,0,1,0,1,14747,6344,17504,0.8206,,0.5804,,0.2574,35700,40300,41700,45900,46100,34100,38700,43800,50200,-2757,2,4,155,290,0.773333333,0.413333333,"California State University, Los Angeles",5151 STATE UNIVERSITY DR,"Public, 4-year or above",34.0669,-118.169,www.calstatela.edu
112446,Coleman University,San Diego,CA,92123-1506,Accrediting Council for Independent Colleges and Schools | Western Association of Schools and Colleges Senior College and University Commission,1,2,11,1,1,1,1,29842,20200,20200,,,,,0.7143,40500,41400,44700,51200,47100,30500,43000,41000,49000,9642,4,10,88,189,0.504,0.234666667,Coleman University,8888 Balboa Ave.,"Private nonprofit, 4-year or above",32.822,-117.1365,www.coleman.edu
126872,College America-Denver,Denver,CO,80222,Accrediting Commission of Career Schools and Colleges,1,2,11,1,1,1,1,22306,17211,17211,0.4211,,,,0.6398,20600,24100,25000,30900,28000,20300,21400,23600,35100,5095,4,6,2,216,0.576,5.33E-03,,,,39.6916,-104.9412,www.collegeamerica.edu
388520,College of Biblical Studies-Houston,Houston,TX,77036-3211,Association for Biblical Higher Education Commission on Accreditation | Southern Association of Colleges and Schools Commission on Colleges,1,2,11,0,0,1,1,29103,9801,9801,0.5,,0.6667,,0.8534,38200,44500,39700,49100,52300,35400,41000,50800,53400,19302,2,8,5,331,0.882666667,1.33E-02,Main Campus,7000 Regency Square Blvd.,"Private nonprofit, 4-year or above",29.7167,-95.5066,www.cbshouston.edu
367839,Colorado Heights University,Denver,CO,80236-2711,Accrediting Council for Independent Colleges and Schools,1,2,11,0,0,0,1,11349,5634,5634,0.44,,0.6667,,0.6356,24300,,,,,21600,27500,,,5715,1,6,2,216,0.576,5.33E-03,Colorado Heights University,3001 S FEDERAL BLVD,"Private nonprofit, 4-year or above",39.6619,-105.0282,WWW.CHU.EDU
190150,Columbia University in the City of New York,New York,NY,10027,Middle States Commission on Higher Education,1,2,11,0,1,0,1,61540,49138,49138,0.9734,,0.9655,,0.1744,77000,89100,92100,95500,101400,70400,85700,85300,120600,12402,2,7,70,105,0.28,0.186666667,Morningside Campus,116 ST AND BROADWAY,"Private nonprofit, 4-year or above",40.8083,-73.9619,www.columbia.edu
126942,Community College of Denver,Denver,CO,80204-2026,North Central Association of Colleges and Schools The Higher Learning Commission,1,1,11,2,0,2,0,13908,3187,12086,,0.5293,,0.3618,0.422,27400,29800,30500,31600,33100,28000,26200,33200,32900,1822,4,6,2,216,0.576,5.33E-03,CCD Auraria,1111 W. Colfax Ave.,"Public, 2-year",39.7414,-105.003,www.ccd.edu
190512,CUNY Bernard M Baruch College,New York,NY,10010,Middle States Commission on Higher Education,1,1,11,0,1,0,1,15112,6210,12720,0.8762,,0.6429,,0.2613,43500,50200,52400,56300,60500,41500,45900,57700,64300,2392,2,7,70,105,0.28,0.186666667,Main Campus,17 LEXINGTON AVE,"Public, 4-year or above",40.7402,-73.9834,www.baruch.cuny.edu
190521,CUNY Borough of Manhattan Community College,New York,NY,10007,Middle States Commission on Higher Education,1,1,11,2,0,2,0,13310,4518,7038,,0.6406,,0.5221,0.2504,28200,33000,34000,36900,38200,27400,29200,36600,40800,6272,4,7,70,105,0.28,0.186666667,Borough of Manhattan Community College,199 CHAMBERS ST,"Public, 2-year",40.7188,-74.0118,www.bmcc.cuny.edu/
190567,CUNY City College,New York,NY,10031,Middle States Commission on Higher Education,1,1,11,0,1,0,1,14041,6089,12599,0.8747,,0.5625,,0.2353,34500,40300,42200,46400,50600,31200,37800,45900,54900,1442,2,7,70,105,0.28,0.186666667,The City College of New York,160 CONVENT AVE,"Public, 4-year or above",40.8198,-73.9506,www.ccny.cuny.edu
190576,CUNY Graduate School and University Center,New York,NY,10016,Middle States Commission on Higher Education,1,1,11,0,2,0,2,0,0,0,,,,,0.8961,43800,,,,,,,,,0,4,7,70,105,0.28,0.186666667,Main Campus,365 FIFTH AVE,"Public, 4-year or above",40.7485,-73.9836,www.gc.cuny.edu
190594,CUNY Hunter College,New York,NY,10065,Middle States Commission on Higher Education,1,1,11,0,1,0,1,14478,6129,12639,0.8669,,0.6383,,0.2224,36000,40700,43100,46200,48400,36000,35900,47100,51300,1839,2,7,70,105,0.28,0.186666667,Main Campus,695 Park Avenue,"Public, 4-year or above",40.7687,-73.9648,www.hunter.cuny.edu
190600,CUNY John Jay College of Criminal Justice,New York,NY,10019,Middle States Commission on Higher Education,1,1,11,1,1,0,0,13308,6059,12569,0.7795,,0.3529,,0.2011,32600,39200,40800,47800,47500,30600,35500,42600,55700,739,2,7,70,105,0.28,0.186666667,John Jay College of Criminal Justice,524 W 59th Street,"Public, 4-year or above",40.7703,-73.9884,www.jjay.cuny.edu
114266,Evergreen Valley College,San Jose,CA,95135-1598,Western Association of Schools and Colleges Accrediting Commission for Community and Junior Colleges,1,1,11,2,0,2,0,14405,1326,7010,,0.7375,,0.467,0.3615,27200,32700,34500,36300,40000,26600,28100,38500,42000,7395,4,2,139,111,0.296,0.370666667,Evergreen Valley Community College,3095 YERBA BUENA RD,"Public, 2-year",37.3017,-121.7667,www.evc.edu
114354,Fashion Institute of Design & Merchandising-Los Angeles,Los Angeles,CA,90015-1421,Western Association of Schools and Colleges Accrediting Commission for Community and Junior Colleges | Western Association of Schools and Colleges Senior College and University Commission,1,3,11,0,0,2,2,42958,28920,28920,0.9346,,1,,0.1425,33200,35600,36400,38200,41800,33100,34200,41700,43000,14038,4,4,155,290,0.773333333,0.413333333,Main Campus,919 S GRAND AVE,"Private for-profit, 4-year or above",34.0442,-118.2599,www.fidm.edu
191126,Fashion Institute of Technology,New York,NY,10001-5992,Middle States Commission on Higher Education,1,1,11,0,0,1,1,16428,5105,13955,0.8843,,0.6957,,0.2825,39300,43100,45300,46500,50500,39800,36300,50700,49600,2473,2,7,70,105,0.28,0.186666667,FASHION INSTITUTE OF TECHNOLOGY,7th Avenue  at  27th Street,"Public, 4-year or above",40.7473,-73.9948,www.fitnyc.edu
188465,Globe Institute of Technology,New York,NY,10018,New York State Board of Regents and the Commissioner of Education,1,3,11,1,1,1,1,25718,11120,11120,0.6,,,,0.2711,23600,24400,22800,37100,37500,22500,25600,34000,41100,14598,4,7,70,105,0.28,0.186666667,Main Campus,500 7th Avenue 2nd floor,"Private for-profit, 4-year or above",40.7149,-74.006,www.globe.edu/index.asp
457226,Horizon University,San Diego,CA,92111-2622,Association for Biblical Higher Education Commission on Accreditation,1,2,11,0,0,2,2,0,9250,9250,,,,,0.9828,,,,,,,,,,0,4,10,88,189,0.504,0.234666667,Main Campus,5331 Mt. Alifan Drive,"Private nonprofit, 4-year or above",32.8167,-117.1822,www.horizonuniversity.edu
225399,Houston Baptist University,Houston,TX,77074-3298,Southern Association of Colleges and Schools Commission on Colleges,1,2,11,0,0,0,1,36095,27930,27930,0.6284,,0.75,,0.1041,39600,41200,43600,45500,46400,38800,41200,43200,54100,8165,1,8,5,331,0.882666667,1.33E-02,Main Campus,7502 Fondren Rd.,"Private nonprofit, 4-year or above",29.6944,-95.516,www.hbu.edu
225423,Houston Community College,Houston,TX,77002,Southern Association of Colleges and Schools Commission on Colleges,1,1,11,2,0,2,0,13488,1630,3754,,0.611,,0.4483,0.4751,29500,32000,34000,35600,37500,27600,32900,33200,44900,9734,4,8,5,331,0.882666667,1.33E-02,Central College - Midtown Campus,1300 Holman,"Public, 2-year",29.7373,-95.3765,www.hccs.edu
192271,LIM College,New York,NY,10022-5268,Middle States Commission on Higher Education,1,3,11,0,0,1,1,41111,23645,23645,0.7336,,0,,0.0436,37500,40700,44100,45600,49400,,,,,17466,2,7,70,105,0.28,0.186666667,Main Campus,12 E 53RD ST,"Private for-profit, 4-year or above",40.7598,-73.9749,www.limcollege.edu
117788,Los Angeles City College,Los Angeles,CA,90029,Western Association of Schools and Colleges Accrediting Commission for Community and Junior Colleges,1,1,11,1,0,1,0,11090,1221,6161,,0.6136,,0.3773,0.4852,25300,28000,27900,30700,31900,24700,26200,31500,32500,4929,2,4,155,290,0.773333333,0.413333333,Los Angeles City College,855 North Vermont Ave.,"Public, 2-year",34.0873,-118.2922,www.lacitycollege.edu/
368780,Los Angeles ORT College-Los Angeles Campus,Los Angeles,CA,90048,Accrediting Council for Continuing Education and Training,1,2,11,1,0,1,0,0,0,0,,0.6386,,,0.7348,22200,24100,24600,28700,27200,20000,26400,26000,29100,0,2,4,155,290,0.773333333,0.413333333,Main Campus,6435 WILSHIRE BLVD,"Private nonprofit, 2-year",34.0639,-118.3694,www.laort.edu
117724,Los Angeles Trade Technical College,Los Angeles,CA,90015-4181,Western Association of Schools and Colleges Accrediting Commission for Community and Junior Colleges,1,1,11,1,0,1,0,11030,1221,6161,,0.6366,,0.3701,0.5405,25600,27900,29000,30900,31400,22200,30200,28600,35700,4869,2,4,155,290,0.773333333,0.413333333,Los Angeles Trade Technical College,400 W. Washington Blvd.,"Public, 2-year",34.0326,-118.2691,www.lattc.edu
117946,Loyola Marymount University,Los Angeles,CA,90045-2659,Western Association of Schools and Colleges Senior College and University Commission,1,2,11,0,1,0,1,55432,40265,40265,0.9144,,1,,0.0232,47700,52300,59700,60300,64400,45600,50200,60200,70900,15167,2,4,155,290,0.773333333,0.413333333,Westchester Campus,One LMU Drive,"Private nonprofit, 4-year or above",33.9706,-118.4157,www.lmu.edu
192864,Marymount Manhattan College,New York,NY,10021-4597,Middle States Commission on Higher Education,1,2,11,0,0,1,1,45323,26640,26640,0.6594,,0.625,,0.1195,31800,36800,38600,40500,42200,32300,30300,42500,41400,18683,2,7,70,105,0.28,0.186666667,Main Campus,221 E 71 Street,"Private nonprofit, 4-year or above",40.7691,-73.9597,www.mmm.edu
190114,Metropolitan College of New York,New York,NY,10013-1919,Middle States Commission on Higher Education,1,2,11,0,0,2,2,28391,17530,17530,0.5224,,0,,0.742,32600,36500,33700,40600,40300,32100,34000,38600,46200,10861,4,7,70,105,0.28,0.186666667,Main Campus,431 Canal Street,"Private nonprofit, 4-year or above",40.7235,-74.0071,www.mcny.edu
127565,Metropolitan State University of Denver,Denver,CO,80217-3362,North Central Association of Colleges and Schools The Higher Learning Commission,1,1,11,0,2,0,2,14034,5744,17837,0.658,,0.4757,,0.4505,33200,36300,37700,40300,42100,30800,36000,37800,47300,-3803,4,6,2,216,0.576,5.33E-03,Main Campus,P.O. Box 173362,"Public, 4-year or above",39.7422,-105.0024,www.msudenver.edu/
119173,Mount St Mary's College,Los Angeles,CA,90049-1599,Western Association of Schools and Colleges Senior College and University Commission,1,2,11,0,0,1,1,47905,33852,33852,0.7923,,0,,0.2301,52400,55900,57000,57100,57000,51300,64400,,,14053,2,4,155,290,0.773333333,0.413333333,,,,34.0821,-118.4805,www.msmc.la.edu
193900,New York University,New York,NY,10012-1091,Middle States Commission on Higher Education,1,2,11,1,2,1,2,60059,44848,44848,0.925,,0.6154,,0.0622,52000,59300,62800,70400,76500,48800,57400,65900,94300,15211,6,7,70,105,0.28,0.186666667,NYU Main Campus,70 WASHINGTON SQ SOUTH,"Private nonprofit, 4-year or above",40.7295,-73.9973,www.nyu.edu
119775,Newschool of Architecture and Design,San Diego,CA,92101,Accrediting Council for Independent Colleges and Schools | Western Association of Schools and Colleges Senior College and University Commission,1,3,11,0,0,0,1,43957,24536,24536,0.5,,,,0.464,31200,,43300,,47100,,,,,19421,1,10,88,189,0.504,0.234666667,NewSchool of Architecture and Design,1249 F ST,"Private for-profit, 4-year or above",32.7133,-117.1533,www.newschoolarch.edu
120254,Occidental College,Los Angeles,CA,90041-3392,Western Association of Schools and Colleges Senior College and University Commission,1,2,11,0,1,0,0,60655,46652,46652,0.9302,,,,0.0042,37600,40800,44700,52700,54600,36100,39400,47700,63100,14003,1,4,155,290,0.773333333,0.413333333,Occidental College,1600 CAMPUS RD,"Private nonprofit, 4-year or above",34.1262,-118.2108,www.oxy.edu
194310,Pace University-New York,New York,NY,10038-1598,Middle States Commission on Higher Education,1,2,11,2,2,2,2,50625,38069,38069,0.7599,,0.7407,,0.1329,46700,51900,55600,61500,63300,46600,46900,59000,70400,12556,8,7,70,105,0.28,0.186666667,Pace University,1 PACE PLAZA,"Private nonprofit, 4-year or above",40.711,-74.0047,www.pace.edu
120838,Pacific States University,Los Angeles,CA,90010,Accrediting Council for Independent Colleges and Schools,1,2,11,0,1,0,1,32140,0,0,0,,,,0.5714,,,,,,,,,,0,2,4,155,290,0.773333333,0.413333333,Main Campus,3450 Wilshire Blvd Ste 500,"Private nonprofit, 4-year or above",34.0617,-118.2996,www.psuca.edu
121275,Platt College-San Diego,San Diego,CA,92115-3919,Accrediting Commission of Career Schools and Colleges,1,3,11,1,1,0,0,40468,23250,23250,,,,,0.6081,29100,33800,40700,39000,36100,,,34400,36800,17218,2,10,88,189,0.504,0.234666667,Main Campus,6250 EL CAJON BLVD,"Private for-profit, 4-year or above",32.7637,-117.0635,www.platt.edu
121309,Point Loma Nazarene University,San Diego,CA,92106-2899,Western Association of Schools and Colleges Senior College and University Commission,1,2,11,0,1,0,1,43060,30356,30356,0.8933,,0,,0.0243,43200,44100,45700,49700,52300,43000,43500,47100,59000,12704,2,10,88,189,0.504,0.234666667,Point Loma Nazerene University Main Campus,3900 LOMALAND DR,"Private nonprofit, 4-year or above",32.7133,-117.2512,www.pointloma.edu
194611,Professional Business College,New York,NY,10013,Accrediting Council for Independent Colleges and Schools,1,2,11,0,0,1,0,29568,9805,9805,,0.4025,,,0.6075,18400,20200,21000,23500,23400,17300,20400,22600,25900,19763,1,7,70,105,0.28,0.186666667,Main Campus,408 Broadway,"Private nonprofit, 2-year",40.7161,-73.9952,www.pbcny.edu
127918,Regis University,Denver,CO,80221-1099,North Central Association of Colleges and Schools The Higher Learning Commission,1,2,11,0,2,0,2,43058,32424,32424,0.8186,,0.5,,0.6032,50500,52800,55400,56900,57200,47400,57700,51300,70600,10634,4,6,2,216,0.576,5.33E-03,Northwest Denver Campus,3333 REGIS BLVD,"Private nonprofit, 4-year or above",39.7898,-105.0314,www.regis.edu/
227757,Rice University,Houston,TX,77005-1827,Southern Association of Colleges and Schools Commission on Colleges,1,2,11,0,1,0,1,52242,38941,38941,0.9817,,,,0.0048,59000,66600,76800,75200,80200,48800,67700,70000,90000,13301,2,8,5,331,0.882666667,1.33E-02,Main Campus,6100 S MAIN,"Private nonprofit, 4-year or above",29.7165,-95.4036,www.rice.edu
122339,San Diego City College,San Diego,CA,92101-4787,Western Association of Schools and Colleges Accrediting Commission for Community and Junior Colleges,1,1,11,1,0,1,0,12291,1142,5702,,0.6687,,0.3857,0.4563,24800,28600,29600,31100,32000,22300,28300,29700,35200,6589,2,10,88,189,0.504,0.234666667,Main Campus,1313 PARK BLVD,"Public, 2-year",32.7189,-117.1516,www.sdcity.edu/
122375,San Diego Mesa College,San Diego,CA,92111-4998,Western Association of Schools and Colleges Accrediting Commission for Community and Junior Colleges,1,1,11,1,0,1,0,12796,1142,5702,,0.6646,,0.3873,0.3639,30400,34100,35800,37500,40100,28700,32300,36500,44000,7094,2,10,88,189,0.504,0.234666667,Main Campus,7250 MESA COLLEGE DR,"Public, 2-year",32.8049,-117.1691,www.sdmesa.edu/
122384,San Diego Miramar College,San Diego,CA,92126-2999,Western Association of Schools and Colleges Accrediting Commission for Community and Junior Colleges,1,1,11,1,0,1,0,11969,1142,5702,,0.6767,,0.4047,0.486,30600,37600,37100,40800,42200,26300,34800,36300,49400,6267,2,10,88,189,0.504,0.234666667,Main Campus,10440 BLACK MOUNTAIN RD,"Public, 2-year",32.9095,-117.1209,www.sdmiramar.edu/
122409,San Diego State University,San Diego,CA,92182,Western Association of Schools and Colleges Senior College and University Commission,1,1,11,0,1,0,1,20252,6766,17926,0.8775,,0.7548,,0.1651,38300,44400,46400,50100,52000,36200,41400,47200,59400,2326,2,10,88,189,0.504,0.234666667,Main Campus,5500 CAMPANILE DR,"Public, 4-year or above",32.7753,-117.0712,www.sdsu.edu
122746,San Jose City College,San Jose,CA,95128-2798,Western Association of Schools and Colleges Accrediting Commission for Community and Junior Colleges,1,1,11,2,0,2,0,15067,1324,6946,,0.6174,,0.3831,0.4966,26000,27500,31300,35200,34300,23600,29400,31300,39300,8121,4,2,139,111,0.296,0.370666667,San Jose City College,2100 MOORPARK AVE,"Public, 2-year",37.3163,-121.9297,www.sjcc.edu
122755,San Jose State University,San Jose,CA,95192-0001,Western Association of Schools and Colleges Senior College and University Commission,1,1,11,0,2,0,2,21160,7343,18503,0.8782,,0.5476,,0.1993,43400,49200,51800,57300,60200,41900,45300,57300,63400,2657,4,2,139,111,0.296,0.370666667,Main Campus,One Washington Square,"Public, 4-year or above",37.3352,-121.8812,www.sjsu.edu
197151,School of Visual Arts,New York,NY,10010,Middle States Commission on Higher Education,1,3,11,0,1,0,0,48993,32270,32270,0.8293,,0.5,,0.1139,34000,34100,39800,45600,47600,31500,36400,42000,52100,16723,1,7,70,105,0.28,0.186666667,School of Visual Arts-Main Campus,209 E 23RD ST,"Private for-profit, 4-year or above",40.7387,-73.9822,www.sva.edu
475565,Stella and Charles Guttman Community College,New York,NY,10018-2602,Middle States Commission on Higher Education | New York State Board of Regents and the Commissioner of Education,1,1,11,1,0,1,0,10818,4542,7062,,0.7439,,,0.0162,,,,,,,,,,3756,2,7,70,105,0.28,0.186666667,Stella and Charles Guttman Community College,50 West 40th Street,"Public, 2-year",0,0,www.ncc.cuny.edu/index.html
196477,Technical Career Institutes,New York,NY,10001,Middle States Commission on Higher Education | New York State Board of Regents and the Commissioner of Education,1,3,11,0,0,1,0,22032,13340,13340,,0.4165,,0.6,0.5593,24600,31400,30500,36500,36800,18500,27400,28400,40400,8692,1,7,70,105,0.28,0.186666667,TCI Campus,320 W 31ST ST,"Private for-profit, 2-year",40.7506,-73.996,www.tcicollege.edu
229063,Texas Southern University,Houston,TX,77004,Southern Association of Colleges and Schools Commission on Colleges,1,1,11,0,1,0,1,22311,7946,18566,0.5517,,0.3053,,0.2958,28200,30300,31800,35700,35700,27100,29500,35200,36300,3745,2,8,5,331,0.882666667,1.33E-02,Main Campus,3100 CLEBURNE ST,"Public, 4-year or above",29.7225,-95.362,www.tsu.edu
126702,The Art Institute of Colorado,Denver,CO,80203-2983,Accrediting Council for Independent Colleges and Schools | North Central Association of Colleges and Schools The Higher Learning Commission,1,3,11,1,1,1,1,30664,17632,17632,0.4831,,0.3014,,0.4208,28000,30800,31800,35900,36900,26500,29500,31900,40000,13032,4,6,2,216,0.576,5.33E-03,The Art Institute of Colorado,1200 Lincoln Street,"Private for-profit, 4-year or above",39.7356,-104.9858,www.artinstitutes.edu/denver/
222938,The Art Institute of Houston,Houston,TX,77027-9625,Southern Association of Colleges and Schools Commission on Colleges,1,3,11,1,1,1,1,30536,17668,17668,0.4955,,0.3962,,0.3845,29700,32200,33200,36500,37700,27500,32000,32400,41200,12868,4,8,5,331,0.882666667,1.33E-02,The Art Institute of Houston,4140 Southwest Freeway,"Private for-profit, 4-year or above",29.7299,-95.4457,www.aih.aii.edu
365055,The Art Institute of New York City,New York,NY,10013,Accrediting Council for Independent Colleges and Schools,1,3,11,1,0,1,0,31955,19756,19756,,0.5186,,0.4638,0.2375,26100,29400,29900,32700,33400,24900,27700,29900,36500,12199,2,7,70,105,0.28,0.186666667,The Art Institute of New York City,11-17 Beach Street,"Private for-profit, 2-year",40.7205,-74.0062,www.artinstitutes.edu/new-york/Default.aspx
454184,The Kingâ€™s College,New York,NY,10004,Middle States Commission on Higher Education,1,2,11,0,0,0,2,44720,31300,31300,0.599,,0,,0.0155,,,,,,,,,,13420,2,7,70,105,0.28,0.186666667,,,,40.7483,-73.9858,www.tkc.edu
119544,The National Hispanic University,San Jose,CA,95127-3823,Western Association of Schools and Colleges Senior College and University Commission,1,3,11,0,0,1,2,22545,8196,8196,0.6,,0.5294,,0.4499,32000,37200,39400,44200,42700,31200,33600,,,14349,3,2,139,111,0.296,0.370666667,,,,37.3591,-121.8159,www.nhu.edu
193654,The New School,New York,NY,10011-8603,Middle States Commission on Higher Education,1,2,11,0,0,2,2,57203,40426,40426,0.8276,,0,,0.1859,39000,43300,45900,44100,48800,38500,40200,46600,52600,16777,4,7,70,105,0.28,0.186666667,Main Campus,66 W 12 ST,"Private nonprofit, 4-year or above",40.7353,-73.9946,www.newschool.edu
196592,Touro College,New York,NY,10010,Middle States Commission on Higher Education | Western Association of Schools and Colleges Senior College and University Commission,1,2,11,1,1,1,1,23347,15250,15250,0.4631,,0.5714,,0.4265,33700,35600,35900,39100,40400,30600,39900,34400,52700,8097,4,7,70,105,0.28,0.186666667,Main Campus,27-33 W 23RD ST,"Private nonprofit, 4-year or above",40.7422,-73.9899,www.touro.edu
110662,University of California-Los Angeles,Los Angeles,CA,90095-1405,Western Association of Schools and Colleges Senior College and University Commission,1,1,11,0,1,0,1,31474,12697,35575,0.9626,,0.75,,0.0532,47000,54900,58800,65900,72600,43500,51700,65900,82100,-4101,2,4,155,290,0.773333333,0.413333333,UCLA,405 HILGARD AVE,"Public, 4-year or above",34.0689,-118.4439,www.ucla.edu/
126562,University of Colorado Denver,Denver,CO,80217-3364,North Central Association of Colleges and Schools The Higher Learning Commission,1,1,11,0,2,0,2,18822,7933,22057,0.7521,,0.4627,,0.2507,47800,58300,59900,86000,74600,46700,49200,69500,82200,-3235,4,6,2,216,0.576,5.33E-03,University of Colorado Denver - Downtown,1380 Lawrence Street,"Public, 4-year or above",39.7464,-104.9993,www.ucdenver.edu/
127060,University of Denver,Denver,CO,80208,North Central Association of Colleges and Schools The Higher Learning Commission,1,2,11,0,2,0,2,53614,40707,40707,0.8678,,,,0.0741,47800,51700,53000,58000,60700,45000,52200,55900,68800,12907,4,6,2,216,0.576,5.33E-03,University Park Campus,2199 S. UNIVERSITY BLVD.,"Private nonprofit, 4-year or above",39.696,-104.9646,www.du.edu
225511,University of Houston,Houston,TX,77204-2018,Southern Association of Colleges and Schools Commission on Colleges,1,1,11,0,1,0,1,22215,8401,16897,0.8463,,0.7042,,0.1935,44000,47700,51200,52800,57200,40200,48500,50900,64700,5318,2,8,5,331,0.882666667,1.33E-02,Central Campus,4800 CALHOUN,"Public, 4-year or above",29.72,-95.3449,www.uh.edu/students
225432,University of Houston-Downtown,Houston,TX,77002-1014,Southern Association of Colleges and Schools Commission on Colleges,1,1,11,0,2,0,2,18879,5238,13734,0.6309,,0.5228,,0.485,38500,39400,41400,44700,46700,36100,42300,43000,52800,5145,4,8,5,331,0.882666667,1.33E-02,Main Campus,1 MAIN ST,"Public, 4-year or above",29.7638,-95.3595,www.uhd.edu
122436,University of San Diego,San Diego,CA,92110-2492,Western Association of Schools and Colleges Senior College and University Commission,1,2,11,0,1,0,1,56346,41392,41392,0.9021,,1,,0.0478,51400,57000,60400,60300,66300,48400,55800,60600,76000,14954,2,10,88,189,0.504,0.234666667,UNIVERSITY OF SAN DIEGO,5998 ALCALA PARK,"Private nonprofit, 4-year or above",32.7714,-117.1887,www.sandiego.edu
123961,University of Southern California,Los Angeles,CA,90089,Western Association of Schools and Colleges Senior College and University Commission,1,2,11,0,1,0,1,59787,46298,46298,0.9599,,0.4,,0.0377,62900,68800,74300,72800,81300,57700,69300,74900,89500,13489,2,4,155,290,0.773333333,0.413333333,University Park Campus,University Park,"Private nonprofit, 4-year or above",34.0211,-118.2839,www.usc.edu/
227863,University of St Thomas,Houston,TX,77006-4696,Southern Association of Colleges and Schools Commission on Colleges,1,2,11,0,0,0,1,37271,28240,28240,0.766,,0.6667,,0.2494,39200,44300,49600,51600,55500,36400,45400,51500,65000,9031,1,8,5,331,0.882666667,1.33E-02,St. Paul Campus (Main Campus),2115 SUMMIT AVE,"Private nonprofit, 4-year or above",30,-93.1894,www.stthomas.edu
122843,Westwood College-Los Angeles,Los Angeles,CA,90010,Accrediting Council for Independent Colleges and Schools,1,3,11,2,2,2,2,29745,15080,15080,0.5,,0.1818,,0.4735,25100,29000,28800,33700,33400,22600,27900,27200,35900,14665,8,4,155,290,0.773333333,0.413333333,Westwood College,3250 WILSHIRE BLVD STE 400,"Private for-profit, 4-year or above",34.0614,-118.2933,www.westwood.edu
197522,Wood Tobe-Coburn School,New York,NY,10016-0190,New York State Board of Regents and the Commissioner of Education,1,3,11,1,0,1,0,21209,16820,16820,,0.7989,,,0.0672,26300,28200,28900,34800,33900,25500,28700,31900,39800,4389,2,7,70,105,0.28,0.186666667,Main Campus,8 E 40TH ST,"Private for-profit, 2-year",40.7518,-73.9813,woodtobecoburn.edu
197708,Yeshiva University,New York,NY,10033-3299,Middle States Commission on Higher Education,1,2,11,1,1,1,1,53825,37600,37600,0.929,,0.7,,0.0024,42600,53700,65500,60500,65100,38600,46000,48900,80600,16225,4,7,70,105,0.28,0.186666667,WILF CAMPUS,500 W 185TH ST,"Private nonprofit, 4-year or above",40.8508,-73.9285,www.yu.edu
